3,Maurice Jones-Drew,Jac,RB
1,Adrian Peterson,Min,RB
4,Matt Forte,Chi,RB
2,Michael Turner,Atl,RB
6,Chris Johnson,Ten,RB
9,Larry Fitzgerald,Ari,WR
5,Steven Jackson,StL,RB
17,Randy Moss,NE,WR
7,LaDainian Tomlinson,SD,RB
11,Andre Johnson,Hou,WR
10,Frank Gore,SF,RB
8,DeAngelo Williams,Car,RB
15,Steve Slaton,Hou,RB
14,Calvin Johnson,Det,WR
16,Tom Brady,NE,QB
12,Drew Brees,NO,QB
21,Brian Westbrook,Phi,RB
20,Marion Barber,Dal,RB
22,Peyton Manning,Ind,QB
23,Greg Jennings,GB,WR
24,Reggie Wayne,Ind,WR
18,Clinton Portis,Was,RB
19,Steve Smith,Car,WR
26,Roddy White,Atl,WR
13,Brandon Jacobs,NYG,RB
27,Ronnie Brown,Mia,RB
30,Terrell Owens,Buf,WR
28,Anquan Boldin,Ari,WR
29,Pierre Thomas,NO,RB
31,Thomas Jones,NYJ,RB
32,Dwayne Bowe,KC,WR
33,Marques Colston,NO,WR
36,Brandon Marshall,Den,WR
35,Ryan Grant,GB,RB
25,Kevin Smith,Det,RB
44,T.J. Houshmandzadeh,Sea,WR
38,Wes Welker,NE,WR
39,Aaron Rodgers,GB,QB
41,Roy E. Williams,Dal,WR
34,Kurt Warner,Ari,QB
40,Darren McFadden,Oak,RB
42,Philip Rivers,SD,QB
43,Derrick Ward,TB,RB
45,Tony Gonzalez,Atl,TE
46,Joseph Addai,Ind,RB
47,Tony Romo,Dal,QB
48,Braylon Edwards,Cle,WR
49,Jonathan Stewart,Car,RB
60,Knowshon Moreno,Den,RB
37,Marshawn Lynch*,Buf,RB
66,Reggie Bush,NO,RB
50,Jason Witten,Dal,TE
51,Willie Parker,Pit,RB
52,Antonio Gates,SD,TE
55,Vincent Jackson,SD,WR
56,LenDale White,Ten,RB
69,Ray Rice,Bal,RB
53,Larry Johnson,KC,RB
54,Matt Ryan,Atl,QB
57,Antonio Bryant*,TB,WR
58,Dallas Clark,Ind,TE
59,Matt Schaub,Hou,QB
61,Chad Ochocinco,Cin,WR
62,Donovan McNabb,Phi,QB
63,Ahmad Bradshaw,NYG,RB
64,Lee Evans,Buf,WR
65,DeSean Jackson,Phi,WR
67,Jamal Lewis,Cle,RB
68,Hines Ward,Pit,WR
70,Matt Cassel,KC,QB
71,Bernard Berrian,Min,WR
72,Owen Daniels,Hou,TE
73,Santana Moss,Was,WR
74,Eddie Royal,Den,WR
75,Cedric Benson,Cin,RB
76,Jay Cutler,Chi,QB
77,Santonio Holmes,Pit,WR
78,Chris Wells,Ari,RB
79,Chris Cooley,Was,TE
80,Kevin Walter,Hou,WR
81,Ben Roethlisberger,Pit,QB
82,Darren Sproles,SD,RB
83,Anthony Gonzalez,Ind,WR
84,Jerricho Cotchery,NYJ,WR
85,Earnest Graham,TB,RB
86,Carson Palmer,Cin,QB
87,Steelers D/ST,Pit,D
88,Donald Driver,GB,WR
89,Fred Taylor,NE,RB
90,Torry Holt,Jac,WR
91,Laveranues Coles,Cin,WR
92,Donald Brown,Ind,RB
93,Lance Moore,NO,WR
94,Giants D/ST,NYG,D
95,Eli Manning,NYG,QB
96,Felix Jones,Dal,RB
97,Steve Breaston,Ari,WR
98,Greg Olsen,Chi,TE
99,Le'Ron McClain,Bal,RB
100,LeSean McCoy,Phi,RB
101,Derrick Mason,Bal,WR
102,Donnie Avery,StL,WR
103,Titans D/ST,Ten,D
104,Kyle Orton,Den,QB
105,Julius Jones,Sea,RB
106,Kellen Winslow,TB,TE
107,Devin Hester,Chi,WR
108,Josh Morgan,SF,WR
109,Ted Ginn Jr.,Mia,WR
110,Fred Jackson,Buf,RB
111,Ravens D/ST,Bal,D
112,Zach Miller,Oak,TE
113,David Garrard,Jac,QB
114,Chester Taylor,Min,RB
115,Domenik Hixon,NYG,WR
116,Tim Hightower,Ari,RB
117,Matt Hasselbeck,Sea,QB
118,Bobby Engram,KC,WR
119,Vikings D/ST,Min,D
120,Percy Harvin,Min,WR
121,John Carlson,Sea,TE
122,Willis McGahee,Bal,RB
123,Kevin Curtis,Phi,WR
124,Eagles D/ST,Phi,D
125,Sammy Morris,NE,RB
126,Rashard Mendenhall,Pit,RB
127,Trent Edwards,Buf,QB
128,Ricky Williams,Mia,RB
129,Jets D/ST,NYJ,D
130,Patrick Crayton,Dal,WR
131,Chris Chambers,SD,WR
132,Dustin Keller,NYJ,TE
133,Jerious Norwood,Atl,RB
134,Leon Washington,NYJ,RB
135,Jake Delhomme,Car,QB
136,Dolphins D/ST,Mia,D
137,Muhsin Muhammad,Car,WR
138,Patriots D/ST,NE,D
139,Kevin Boss,NYG,TE
140,Panthers D/ST,Car,D
141,Laurence Maroney,NE,RB
142,Jason Campbell,Was,QB
143,Justin Gage,Ten,WR
144,Tony Scheffler,Den,TE
145,Chad Pennington,Mia,QB
146,Joe Flacco,Bal,QB
147,Sage Rosenfels,Min,QB
148,Nate Burleson,Sea,WR
149,Joey Galloway,NE,WR
150,Jeremy Shockey,NO,TE
151,Stephen Gostkowski,NE,K
152,Ryan Longwell,Min,K
153,David Akers,Phi,K
154,Nate Kaeding,SD,K
155,Mason Crosby,GB,K
156,Jason Elam,Atl,K
157,Rob Bironas,Ten,K
158,Nick Folk,Dal,K
159,Neil Rackers,Ari,K
160,Robbie Gould,Chi,K
161,Michael Crabtree,SF,WR
162,Michael Jenkins,Atl,WR
163,Michael Bush,Oak,RB
164,Bears D/ST,Chi,D
165,Nate Washington,Ten,WR
166,Justin Fargas,Oak,RB
167,Packers D/ST,GB,D
168,Shaun Hill,SF,QB
169,Bo Scaife,Ten,TE
170,Correll Buckhalter,Den,RB
171,Miles Austin,Dal,WR
172,Sidney Rice,Min,WR
173,Ladell Betts,Was,RB
174,Jamaal Charles,KC,RB
175,Shonn Greene,NYJ,RB
176,Tashard Choice,Dal,RB
177,Redskins D/ST,Was,D
178,Maurice Morris,Det,RB
179,Visanthe Shiancoe,Min,TE
180,Brent Celek,Phi,TE
181,Mewelde Moore,Pit,RB
182,Mark Bradley,KC,WR
183,JaMarcus Russell,Oak,QB
184,Brandon Pettigrew,Det,TE
185,Jeremy Maclin,Phi,WR
186,Mike Walker,Jac,WR
187,Kevin Faulk,NE,RB
188,Greg Camarillo,Mia,WR
189,Brandon Jackson,GB,RB
190,James Davis,Cle,RB
191,Brian Robiskie,Cle,WR
192,Earl Bennett,Chi,WR
193,Dominic Rhodes,Buf,RB
194,Mark Clayton,Bal,WR
195,Deion Branch,Sea,WR
196,Isaac Bruce,SF,WR
197,Hakeem Nicks,NYG,WR
198,Steve Smith,NYG,WR
199,Chaz Schilens,Oak,WR
200,Edgerrin James,Ari,RB
201,LaMont Jordan,Den,RB
202,Devery Henderson,NO,WR
203,Danny Ware,NYG,RB
204,T.J. Duckett,Sea,RB
205,Anthony Fasano,Mia,TE
206,Kevin Jones,Chi,RB
207,Rashad Jennings,Jac,RB
208,Brian Leonard,Cin,RB
209,Robert Meachem,NO,WR
210,Heath Miller,Pit,TE
211,Andre Brown,NYG,RB
212,Kenny Britt,Ten,WR
213,Jerome Harrison,Cle,RB
214,Chris Brown,Hou,RB
215,Brady Quinn,Cle,QB
216,Marc Bulger,StL,QB
217,Kenny Watson,Cin,RB
218,Peyton Hillis,Den,RB
219,Kerry Collins,Ten,QB
220,Chansi Stuckey,NYJ,WR
221,Ryan Moats,Hou,RB
222,DeShawn Wynn,GB,RB
223,Chris Henry,Cin,WR
224,Daunte Culpepper,Det,QB
225,Davone Bess,Mia,WR
226,John Kasay,Car,K
227,Greg Jones,Jac,RB
228,Malcom Floyd,SD,WR
229,Devin Thomas,Was,WR
230,Garrett Hartley,NO,K
231,Donald Lee,GB,TE
232,Patrick Cobbs,Mia,RB
233,Vernon Davis,SF,TE
234,Limas Sweed,Pit,WR
235,James Jones,GB,WR
236,Marcedes Lewis,Jac,TE
237,Benjamin Watson,NE,TE
238,BenJarvus Green-Ellis,NE,RB
239,Bryant Johnson,Det,WR
240,Leonard Weaver,Phi,RB
241,Demetrius Williams,Bal,WR
242,Keenan Burton,StL,WR
243,Bernard Scott,Cin,RB
244,Kris Brown,Hou,K
245,Kenneth Darby,StL,RB
246,Joe Nedney,SF,K
247,Arian Foster,Hou,RB
248,Cowboys D/ST,Dal,D
249,Javarris Williams,KC,RB
250,Martellus Bennett,Dal,TE
251,Andre Caldwell,Cin,WR
252,Gartrell Johnson,SD,RB
253,Johnnie Lee Higgins,Oak,WR
254,Chauncey Washington,Jac,RB
255,Mike Bell,NO,RB
256,Jermichael Finley,GB,TE
257,Jabar Gaffney,Den,WR
258,Josh Brown,StL,K
259,Lawrence Tynes,NYG,K
260,Chargers D/ST,SD,D
261,Texans D/ST,Hou,D
262,Glenn Coffee,SF,RB
263,Heath Evans,NO,RB
264,Randy McMichael,StL,TE
265,Jordy Nelson,GB,WR
266,L.J. Smith,Bal,TE
267,Ben Obomanu,Sea,WR
268,Matt Prater,Den,K
269,49ers D/ST,SF,D
270,Lorenzo Booker,Phi,RB
271,Mark Sanchez,NYJ,QB
272,Mike Goodson,Car,RB
273,Matthew Stafford,Det,QB
274,Ryan Torain,Den,RB
275,Garrett Wolfe,Chi,RB
276,Warrick Dunn,TB,RB
277,Luke McCown,TB,QB
278,Mario Manningham,NYG,WR
279,Deuce McAllister,NO,RB
280,Rian Lindell,Buf,K
281,Adrian Peterson,Chi,RB
282,David Martin,Mia,TE
283,Colts D/ST,Ind,D
284,Alex Smith,SF,QB
285,Derek Anderson,Cle,QB
286,Jason Wright,Ari,RB
287,Michael Pittman,Den,RB
288,Brandon Jones*,SF,WR
289,Shayne Graham,Cin,K
290,Buccaneers D/ST,TB,D
291,Jared Cook,Ten,TE
292,Darrius Heyward-Bey,Oak,WR
293,Patrick Turner,Mia,WR
294,Michael Bennett,SD,RB
295,Clifton Smith,TB,RB
296,Desmond Clark,Chi,TE
297,Josh Scobee,Jac,K
298,Seahawks D/ST,Sea,D
299,Cadillac Williams,TB,RB
300,Ronald Curry,StL,WR
301,Jeff Reed,Pit,K
302,Phil Dawson,Cle,K
303,Raiders D/ST,Oak,D
304,Falcons D/ST,Atl,D
305,Selvin Young,Den,RB
306,DeDe Dorsey,Cin,RB
307,Laurent Robinson,StL,WR
308,Chris Ogbonnaya,StL,RB
309,Antonio Pittman,StL,RB
310,Javon Ringer,Ten,RB
311,Kory Sheets,SF,RB
312,Juaquin Iglesias,Chi,WR
313,Jacob Hester,SD,RB
314,Mike Wallace,Pit,WR
315,Brad Smith,NYJ,WR
316,Brad Cottam,KC,TE
317,Billy Miller,NO,TE
318,Sinorice Moss,NYG,WR
319,Michael Clayton,TB,WR
320,Cedric Peerman,Bal,RB
321,Rashied Davis,Chi,WR
322,Tyler Thigpen,KC,QB
323,Kellen Clemens,NYJ,QB
324,Travis Beckum,NYG,TE
325,Mohamed Massaquoi,Cle,WR
326,Todd Heap,Bal,TE
327,Dennis Northcutt,Det,WR
328,Jerheme Urban,Ari,WR
329,Jay Feely,NYJ,K
330,Adam Vinatieri*,Ind,K
331,Cardinals D/ST,Ari,D
332,Bills D/ST,Buf,D
333,Mike Thomas,Jac,WR
334,Amani Toomer,NYG,WR
335,Chris Baker,NE,TE
336,Leonard Pope,Ari,TE
337,Josh Reed,Buf,WR
338,Daniel Graham,Den,TE
339,Matt Leinart,Ari,QB
340,Ian Johnson,Min,RB
341,Ben Utecht,Cin,TE
342,Matt Jones,Jac,WR
343,Tarvaris Jackson,Min,QB
344,Dante Rosario,Car,TE
345,Jerramy Stevens,TB,TE
346,Dwayne Jarrett,Car,WR
347,Pierre Garcon,Ind,WR
348,Austin Collie,Ind,WR
349,Brandon Rideau,Chi,WR
350,Greg Lewis,NE,WR
351,Mike Karney,StL,RB
352,Ryan Succop,KC,K
353,Derek Schouman,Buf,TE
354,Jaguars D/ST,Jac,D
355,Antwaan Randle El,Was,WR
356,Shawn Nelson,Buf,TE
357,Jeff King,Car,TE
358,Bobby Wade,Min,WR
359,Richard Quinn,Den,TE
360,Delanie Walker,SF,TE
361,David Clowney,NYJ,WR
362,Malcolm Kelly,Was,WR
363,Jason Hanson,Det,K
364,Browns D/ST,Cle,D
365,Javon Walker*,Oak,WR
366,Jason Avant,Phi,WR
367,Alge Crumpler,Ten,TE
368,Chase Coffman,Cin,TE
369,Sammie Stroughter,TB,WR
370,Martin Rucker,Cle,TE
371,Cornelius Ingram*,Phi,TE
372,Robert Royal,Cle,TE
373,Mike Nugent,TB,K
374,Justin Peelle,Atl,TE
375,Saints D/ST,NO,D
376,Chad Henne,Mia,QB
377,Fred Davis,Was,TE
378,Deon Butler,Sea,WR
379,Jarret Dillard,Jac,WR
380,Jeff Garcia,Oak,QB
381,Graham Gano,Bal,K
382,Brandon Manumaleuna,SD,TE
383,Rams D/ST,StL,D
384,James Casey,Hou,TE
385,Alex Smith,NE,TE
386,Steve Johnson,Buf,WR
387,Adrian Arrington,NO,WR
388,Chris Simms,Den,QB
389,Jimmy Kleinsasser,Min,TE
390,Steve Heiden,Cle,TE
391,Byron Leftwich,TB,QB
392,Steven Hauschka,Bal,K
393,Matt Spaeth,Pit,TE
394,Broncos D/ST,Den,D
395,Jake O'Connell,KC,TE
396,Brandon Stokley,Den,WR
397,Gijon Robinson,Ind,TE
398,Vince Young,Ten,QB
399,Ben Patrick*,Ari,TE
400,Hank Baskett,Phi,WR
401,Billy Volek,SD,QB
402,Kevin Kolb,Phi,QB
403,Michael Gaines,Chi,TE
404,Devard Darling,KC,WR
405,Daniel Wilcox,Bal,TE
406,Darcy Johnson,NYG,TE
407,Early Doucet,Ari,WR
408,Andre Davis,Hou,WR
409,Lynell Hamilton,NO,RB
410,Matt Bryant,TB,K
411,Bengals D/ST,Cin,D
412,D.J. Hackett,Car,WR
413,Jason Hill,SF,WR
414,David Thomas,NE,TE
415,Shaun Suisham,Was,K
416,Joe Klopfenstein,StL,TE
417,Jacob Tamme,Ind,TE
418,Chiefs D/ST,KC,D
419,Derek Fine,Buf,TE
420,Jon Kitna,Dal,QB
421,David Anderson,Hou,WR
422,Jacoby Jones,Hou,WR
423,Tiquan Underwood,Jac,WR
424,Will Franklin,Oak,WR
425,Josh Freeman,TB,QB
426,Roy Hall,Ind,WR
427,Dan Carpenter,Mia,K
428,Lions D/ST,Det,D
429,Roscoe Parrish,Buf,WR
430,Legedu Naanee,SD,WR
431,Olindo Mare,Sea,K
432,Tony Curtis,KC,TE
433,Brandon Lloyd,Den,WR
434,Pat White,Mia,QB
435,Dan Orlovsky,Hou,QB
436,Brett Ratliff,Cle,QB
437,Louis Murphy,Oak,WR
438,Brian Finneran,Atl,WR
439,Kevin O'Connell,NE,QB
440,Sebastian Janikowski,Oak,K
441,Seneca Wallace,Sea,QB
442,Charlie Batch,Pit,QB
443,Mark Brunell,NO,QB
444,Sam Hurd,Dal,WR
445,David Carr,NYG,QB
446,Jim Sorgi*,Ind,QB
447,Robert Ferguson,Min,WR
448,Rex Grossman,Hou,QB
449,John Carney,NYG,K
450,Troy Smith,Bal,QB
451,Todd Collins,Was,QB
452,J.T. O'Sullivan,Cin,QB
453,Matt Flynn,GB,QB
454,Ike Hilliard,TB,WR
455,Kyle Boller,StL,QB
456,Chris Redman,Atl,QB
457,Derrick Williams,Det,WR
458,Quinton Ganther,Ten,RB
459,Caleb Hanie,Chi,QB
460,Jalen Parmele,Bal,RB
461,Damon Huard,SF,QB
462,Michael Robinson,SF,RB
463,Josh McCown,Car,QB
464,Gary Russell,Oak,RB
465,Dennis Dixon,Pit,QB
466,Rudi Johnson,Det,RB
467,Jaymar Johnson,Min,WR
468,Ryan Fitzpatrick,Buf,QB
469,Anthony Alridge,Was,RB
470,Kregg Lumpkin,GB,RB
471,Derek Stanley,StL,WR
472,Todd Bouman,Jac,QB
473,Chad Simpson,Ind,RB
474,Brian Brohm,GB,QB
475,Dwayne Wright,NYG,RB
476,Reggie Brown,Phi,WR
477,Patrick Ramsey,Ten,QB
478,Xavier Omon,Buf,RB
479,James Hardy*,Buf,WR
480,Colt Brennan,Was,QB
481,Lance Ball,Ind,RB
482,Lavelle Hawkins,Ten,WR
483,Andrew Walter,NE,QB
484,Devin Moore,Sea,RB
485,Gibran Hamdan,Buf,QB
486,David Patten,Cle,WR
487,Mike Hart,Ind,RB
488,Josh Johnson,TB,QB
489,Matt Stover,Bal,K
490,Ernest Wilford,Mia,WR
491,Louis Rankin,Oak,RB
492,David Buehler,Dal,K
493,Marcus Smith,Bal,WR
494,James Johnson,Cin,RB
495,Connor Barth,KC,K
496,Justin Forsett,Sea,RB
497,Courtney Taylor,Sea,WR
498,Kolby Smith*,KC,RB
499,Brandon Coutu,Sea,K
500,Craig Davis,SD,WR
501,Andre Hall,Den,RB
502,Rhys Lloyd,Car,K
503,Jerome Simpson,Cin,WR
504,Chris Perry,Cin,RB
505,Taylor Mehlhaff,Min,K
506,Reggie Williams,Jac,WR
507,Ahman Green,Hou,RB
508,Dexter Jackson,TB,WR
509,P.J. Hill,NO,RB
510,Drew Carter,Oak,WR
511,J.J. Arrington*,Ari,RB
512,Marvin Harrison,Ind,WR
513,Drew Stanton,Det,QB
514,Plaxico Burress,NYG,WR
515,John David Booty,Min,QB
516,Harry Douglas*,Atl,WR
517,Nate Davis,SF,QB
518,Cleo Lemon,Jac,QB
519,Charlie Frye,Sea,QB
520,Gus Frerotte,Min,QB
521,Brian Griese,TB,QB
522,Fui Vakapuna,Cin,RB
523,Mike Teel,Sea,QB
524,Frank Summers,Pit,RB
525,LaRod Stephens-Howling,Ari,RB
526,Keith Null,StL,QB
527,Johnathan Nalbone,Mia,TE
528,Brandon Myers,Oak,TE
529,Zach Miller,Jac,TE
530,Lance Louis,Chi,TE
531,Johnny Knox,Chi,WR
532,Derek Kinder,Chi,WR
533,Julian Edelman,NE,WR
534,Freddie Brown,Cin,WR
535,Aaron Brown,Det,RB
536,Jaison Williams,Was,WR
537,Brandon Tate*,NE,WR
538,Nate Swift,Den,WR
539,Jordan Shipley,FA,WR
540,David Richmond,Cin,WR
541,Darius Passmore,FA,WR
542,Greg Orton,Cin,WR
543,Kevin Ogletree,Dal,WR
544,Jordan Norwood,Cle,WR
545,Marko Mitchell,Was,WR
546,Andrew Means,FA,WR
547,Kenny McKinley,Den,WR
548,Brennan Marion,Mia,WR
549,Dante Love,FA,WR
550,Quinten Lawrence,KC,WR
551,Aaron Kelly,Atl,WR
552,Michael Jones,Hou,WR
553,Taurus Johnson,KC,WR
554,Manuel Johnson,Dal,WR
555,Brian Hartline,Mia,WR
556,Brandon Gibson,Phi,WR
557,Brooks Foster,StL,WR
558,Dominique Edison,Ten,WR
559,Quan Cosby,Cin,WR
560,Jeremy Childs,SD,WR
561,Greg Carr,SD,WR
562,Demetrius Byrd,SD,WR
563,Ramses Barden,NYG,WR
564,Eddie Williams,Was,TE
565,Kory Sperry,SD,TE
566,Ryan Purvis,TB,TE
567,John Phillips,Dal,TE
568,Bear Pascoe,SF,TE
569,Rob Myers,NYJ,TE
570,Cameron Morrah,Sea,TE
571,Andrew Mooney,FA,TE
572,Brian Mandeville,FA,TE
573,Anthony Hill,Hou,TE
574,Darius Hill,Cin,TE
575,Dan Gronkowski,Det,TE
576,Davon Drew,Bal,TE
577,Jared Bronson,FA,TE
578,Marquez Branson,Den,TE
579,Marcus Thigpen,Phi,RB
580,Tyrell Sutton,GB,RB
581,Brannan Southerland,NYJ,RB
582,Branden Ore,FA,RB
583,Marcus Mailei,Phi,RB
584,Marlon Lucky,Cin,RB
585,Corey Lewis,FA,RB
586,Javorskie Lane,FA,RB
587,Anthony Kimble,Mia,RB
588,Quinn Johnson,GB,RB
589,David Johnson,Pit,RB
590,Jeremiah Johnson*,Hou,RB
591,Keegan Herring,FA,RB
592,Cody Glenn,Was,RB
593,Tony Fiammetta,Car,RB
594,Rodney Ferguson,Ten,RB
595,Herb Donaldson,NO,RB
596,Jason Cook,Bal,RB
597,Kahlil Bell,Min,RB
598,Tarrion Adams,FA,RB
599,Drew Willy,Bal,QB
600,Willie Tuitama,FA,QB
